Optimus Flies a Kite The Sequel,Scotticus, Prime,Scotticus@Primes.com,1977-05-04,10,3.99
Star Trek: Wrath of Khan,Scotticus, Prime,Scotticus@Primes.com,1977-05-04,10,3.99
Optimus Flies a Kite,Scotticus, Prime,Scotticus@Primes.com,1977-05-04,10,3.99
Optimus Views All Records,Scotticus, Prime,Scotticus@Primes.com,1977-05-04,10,3.99
Bumble Bee gets stung,Scotticus, Prime,Scotticus@Primes.com,1977-05-04,10,3.99
Ride Along,Devine, Prime,Scotticus@Primes.com,1977-05-04,10,3.99
Optimus Steps in fecal matter,Scotticus, Prime,NotAnEmail@gmail.com,1990-02-11,31,76.98
Optimus Flies a Kite,Scotticus, Prime,Scotticus@Primes.com,1977-05-04,164,3.99
Optimus Flies a Kite,Scotticus, Prime,Scotticus@Primes.com,1977-05-04,164,3.99
Optimus Flies a Kite,Optimus Flies a Kite, Scotticus,Scotticus@Primes.com,1977-05-04,10,3.99
Optimus Flies a Kit,Optimus Flies a Kit, Scotticus,Scotticus@Primes.com,1977-05-04,10,3.99
Optimus Flies a K,Optimus Flies a K, Scotticus,Scotticus@Primes.com,1977-05-04,10,3.99
